﻿{"cameraMode":{"drawMode":0,"name":"Shaded","section":"Shading Mode"},"sceneLighting":true,"audioPlay":false,"sceneViewState":{"showFog":true,"showMaterialUpdate":false,"showSkybox":true,"showFlares":true,"showImageEffects":true,"showParticleSystems":true},"in2DMode":false,"pivot":{"x":-7.523609161376953,"y":5.835957050323486,"z":-8.937661170959473},"rotation":{"x":0.2516001760959625,"y":0.179051473736763,"z":-0.04741523042321205,"w":0.9499515891075134},"size":3.758230686187744,"orthographic":false}